{"train": [1.814917001268443, 1.4755172529115397, 1.4169953995241837, 1.3934413630997433, 1.376840930633685, 1.362866400813355, 1.3503722729577738, 1.339084104562507, 1.3290061885118485, 1.3200953270933207], "val": [1.5350709539662384, 1.4333922476154577, 1.4035660248164357, 1.386226483858872, 1.3724818180267562, 1.3605294185550965, 1.3497742972676716, 1.340147724647791, 1.3316558781334542, 1.3242472727672974]}