{"train": [2.317796902223067, 2.0400034550464516, 1.9814990722771846, 1.9419059970162131, 1.9180339285821626, 1.895724892616272, 1.8803286588553227, 1.867809320941116, 1.8531712076880715, 1.8436360431439949, 1.8328317295421253, 1.8220759630203247], "val": [2.111668673428622, 2.059169964356856, 2.022553032094782, 2.012862378900701, 1.9943293549797751, 1.9854077209125867, 1.9861673766916448, 1.9868491888046265, 1.986897501078519, 1.9861124212091619, 1.9833583615042947, 1.9896197752519087]}